Id,Name,Price,Amount,Weight,Description
1,–§—ñ–ª–∞–¥–µ–ª—å—Ñ—ñ—è –∑ –ª–æ—Å–æ—Å–µ–º,279,270,–≥,"üî•–û—Ç—Ä–∏–º—É–π—Ç–µ 5% –ö–ï–®–ë–ï–öüî• –†–∏—Å, –ª–æ—Å–æ—Å—å, –∫—Ä–µ–º —Å–∏—Ä, –∞–≤–æ–∫–∞–¥–æ, –æ–≥—ñ—Ä–æ–∫, –Ω–æ—Ä—ñ"
2,–§—ñ–ª–∞–¥–µ–ª—å—Ñ—ñ—è –∑ —Ç—É–Ω—Ü–µ–º,269,270,–≥,"üî•–û—Ç—Ä–∏–º—É–π—Ç–µ 5% –ö–ï–®–ë–ï–öüî• –†–∏—Å, —Ç—É–Ω–µ—Ü—å, –∫—Ä–µ–º —Å–∏—Ä, –∞–≤–æ–∫–∞–¥–æ, –æ–≥—ñ—Ä–æ–∫, –Ω–æ—Ä—ñ"
3,–§—ñ–ª–∞–¥–µ–ª—å—Ñ—ñ—è –¥—É–µ—Ç,269,280,–≥,"üî•–û—Ç—Ä–∏–º—É–π—Ç–µ 5% –ö–ï–®–ë–ï–öüî• –†–∏—Å, –ª–æ—Å–æ—Å—å, —Ç—É–Ω–µ—Ü—å, –∫—Ä–µ–º —Å–∏—Ä, –æ–≥—ñ—Ä–æ–∫, —Å–æ—É—Å –≥–æ—Ä—ñ—Ö–æ–≤–∏–π —É–Ω–∞–≥—ñ, –Ω–æ—Ä—ñ, –∫—É–Ω–∂—É—Ç"
4,–§—ñ–ª–∞–¥–µ–ª—å—Ñ—ñ—è –∑ –∫—Ä–µ–≤–µ—Ç–∫–æ—é,269,260,–≥,"üî•–û—Ç—Ä–∏–º—É–π—Ç–µ 5% –ö–ï–®–ë–ï–öüî• –†–∏—Å, –∫—Ä–µ–≤–µ—Ç–∫–∞, –æ–≥—ñ—Ä–æ–∫, –∞–≤–æ–∫–∞–¥–æ, –∫—Ä–µ–º —Å–∏—Ä, —ñ–∫—Ä–∞ —Ç–æ–±—ñ–∫–æ, —Å–æ—É—Å —á–∏–ª—ñ –≥–∞—Ä–ª–∏–∫, –∫—É–Ω–∂—É—Ç, –Ω–æ—Ä—ñ"
5,–§—ñ–ª–∞–¥–µ–ª—å—Ñ—ñ—è –∑ –≤—É–≥—Ä–µ–º,359,270,–≥,"üî•–û—Ç—Ä–∏–º—É–π—Ç–µ 5% –ö–ï–®–ë–ï–öüî• –†–∏—Å, –≤—É–≥–æ—Ä, –∞–≤–æ–∫–∞–¥–æ, –∫—Ä–µ–º —Å–∏—Ä, –æ–≥—ñ—Ä–æ–∫, —Å–æ—É—Å —É–Ω–∞–≥—ñ, –∫—É–Ω–∂—É—Ç, –Ω–æ—Ä—ñ"
6,–ö—Ä–∞–Ω—á –∑ –∫—Ä–µ–≤–µ—Ç–∫–æ—é,249,250,–≥,"üî•–û—Ç—Ä–∏–º—É–π—Ç–µ 5% –ö–ï–®–ë–ï–öüî• –†–∏—Å, –∫—Ä–µ–≤–µ—Ç–∫–∞ —Ç–µ–º–ø—É—Ä–∞, —ñ–∫—Ä–∞ —Ç–æ–±—ñ–∫–æ, –∫–ª—è—Ä —Ç–µ–º–ø—É—Ä–∞, –æ–≥—ñ—Ä–æ–∫, —Å–æ—É—Å —É–Ω–∞–≥—ñ, –Ω–æ—Ä—ñ"
7,–ï–±—ñ –†–æ–ª,209,260,–≥,"üî•–û—Ç—Ä–∏–º—É–π—Ç–µ 5% –ö–ï–®–ë–ï–öüî• –†–∏—Å, –∫—Ä–µ–≤–µ—Ç–∫–∞ —Ç–µ–º–ø—É—Ä–∞, –∫—Ä–µ–º —Å–∏—Ä, —Å–∞–ª–∞—Ç –∞–π—Å–±–µ—Ä–≥, –æ–≥—ñ—Ä–æ–∫, —ñ–∫—Ä–∞ —Ç–æ–±—ñ–∫–æ, —Å–æ—É—Å —á–∏–ª—ñ –≥–∞—Ä–ª–∏–∫, —Ñ—É–Ω—á–æ–∑–∞, –ø–∞–ø—Ä–∏–∫–∞, –Ω–æ—Ä—ñ"
8,–§—ñ–ª–∞–¥–µ–ª—å—Ñ—ñ—è –§'—é–∂–Ω,269,260,–≥,"üî•–û—Ç—Ä–∏–º—É–π—Ç–µ 5% –ö–ï–®–ë–ï–öüî• –†–∏—Å, –≤—É–≥–æ—Ä, –∫—Ä–∞–±–æ–≤–∏–π –º—ñ–∫—Å, –æ–≥—ñ—Ä–æ–∫, —Å–∞–ª–∞—Ç –∞–π—Å–±–µ—Ä–≥, –≤–∞—Ä–µ–Ω–∞ –∫—Ä–µ–≤–µ—Ç–∫–∞, –∫—Ä–∞–Ω—á, —Å–æ—É—Å –≥–æ—Ä—ñ—Ö–æ–≤–∏–π —É–Ω–∞–≥—ñ, –∫—É–Ω–∂—É—Ç —á–æ—Ä–Ω–∏–π, –Ω–æ—Ä—ñ"
9,–¢–µ–º–ø—É—Ä–∞ —Ä–æ–ª –∑ –ª–æ—Å–æ—Å–µ–º,249,200,–≥,"üî•–û—Ç—Ä–∏–º—É–π—Ç–µ 5% –ö–ï–®–ë–ï–öüî• –†–∏—Å, –ª–æ—Å–æ—Å—å, –∫—Ä–∞–± –º—ñ–∫—Å, –∞–≤–æ–∫–∞–¥–æ, –∫–ª—è—Ä —Ç–µ–º–ø—É—Ä–∞, —Å–æ—É—Å —á–∏–ª—ñ –≥–∞—Ä–ª–∏–∫, —Å—É—Ö–∞—Ä—ñ –ø–∞–Ω–∫–æ, –∫—É–Ω–∂—É—Ç, –Ω–æ—Ä—ñ"
10,–¢–µ–º–ø—É—Ä–∞ —Ä–æ–ª –∑ —Ç—É–Ω—Ü–µ–º,249,200,–≥,"üî•–û—Ç—Ä–∏–º—É–π—Ç–µ 5% –ö–ï–®–ë–ï–öüî• –†–∏—Å, —Ç—É–Ω–µ—Ü—å, –∫—Ä–∞–± –º—ñ–∫—Å, –∞–≤–æ–∫–∞–¥–æ, –∫–ª—è—Ä —Ç–µ–º–ø—É—Ä–∞, —Å–æ—É—Å —á–∏–ª—ñ –≥–∞—Ä–ª–∏–∫, —Å—É—Ö–∞—Ä—ñ –ø–∞–Ω–∫–æ, –∫—É–Ω–∂—É—Ç, –Ω–æ—Ä—ñ"
11,–¢–µ–º–ø—É—Ä–∞ —Ä–æ–ª –∑ –∫—É—Ä–∫–æ—é,159,270,–≥,"üî•–û—Ç—Ä–∏–º—É–π—Ç–µ 5% –ö–ï–®–ë–ï–öüî• –†–∏—Å, –∫–æ–ø—á–µ–Ω–∞ –∫—É—Ä–∫–∞, –∫—Ä–µ–º —Å–∏—Ä, –∫–ª—è—Ä —Ç–µ–º–ø—É—Ä–∞, –æ–≥—ñ—Ä–æ–∫, –ø–µ—Ä–µ—Ü—å –±–æ–ª–≥–∞—Ä—Å—å–∫–∏–π, —Å–æ—É—Å –≥–æ—Ä—ñ—Ö–æ–≤–∏–π —É–Ω–∞–≥—ñ, —Å—É—Ö–∞—Ä—ñ –ø–∞–Ω–∫–æ, –Ω–æ—Ä—ñ—ñ"
12,–¢–µ–º–ø—É—Ä–∞ —Ä–æ–ª –∑ –≤—É–≥—Ä–µ–º,269,250,–≥,"üî•–û—Ç—Ä–∏–º—É–π—Ç–µ 5% –ö–ï–®–ë–ï–öüî• –†–∏—Å, –≤—É–≥–æ—Ä, —ñ–∫—Ä–∞ —Ç–æ–±—ñ–∫–æ, –∫—Ä–µ–º —Å–∏—Ä, –æ–≥—ñ—Ä–æ–∫, —Å–æ—É—Å —É–Ω–∞–≥—ñ, —Å—É—Ö–∞—Ä—ñ –ø–∞–Ω–∫–æ, –∫–ª—è—Ä —Ç–µ–º–ø—É—Ä–∞, –Ω–æ—Ä—ñ"
13,–ö–∞–ª—ñ—Ñ–æ—Ä–Ω—ñ—è —Ç–µ–º–ø—É—Ä–∞,159,270,–≥,"üî•–û—Ç—Ä–∏–º—É–π—Ç–µ 5% –ö–ï–®–ë–ï–öüî• –†–∏—Å, –∫—Ä–∞–±–æ–≤–∏–π –º—ñ–∫—Å, –∫–ª—è—Ä —Ç–µ–º–ø—É—Ä–∞, –∞–≤–æ–∫–∞–¥–æ, –æ–≥—ñ—Ä–æ–∫, —Å—É—Ö–∞—Ä—ñ –ø–∞–Ω–∫–æ, –±–æ–ª–≥–∞—Ä—Å—å–∫–∏–π –ø–µ—Ä–µ—Ü—å, –Ω–æ—Ä—ñ"
14,–ù—ñ–∂–Ω–∏–π –∑ –∫—É—Ä–∫–æ—é,179,270,–≥,"üî•–û—Ç—Ä–∏–º—É–π—Ç–µ 5% –ö–ï–®–ë–ï–öüî• –†–∏—Å, –∫—É—Ä—è—á–µ —Ñ—ñ–ª–µ, —Å–∏—Ä–Ω–∏–π —Å–æ—É—Å, —Å–∞–ª–∞—Ç –∞–π—Å–±–µ—Ä–≥, –∫—Ä–µ–º —Å–∏—Ä, —Å–æ—É—Å —É–Ω–∞–≥—ñ, –Ω–æ—Ä—ñ"
15,–ù—ñ–∂–Ω–∏–π –∑ –ª–æ—Å–æ—Å–µ–º,209,270,–≥,"üî•–û—Ç—Ä–∏–º—É–π—Ç–µ 5% –ö–ï–®–ë–ï–öüî• –†–∏—Å, –ª–æ—Å–æ—Å—å, —Å–∏—Ä–Ω–∏–π —Å–æ—É—Å, —Å–∞–ª–∞—Ç –∞–π—Å–±–µ—Ä–≥, –∫—Ä–µ–º —Å–∏—Ä, —Å–æ—É—Å —É–Ω–∞–≥—ñ, –Ω–æ—Ä—ñ"
16,–ù—ñ–∂–Ω–∏–π –∑ –≤—É–≥—Ä–µ–º,249,270,–≥,"üî•–û—Ç—Ä–∏–º—É–π—Ç–µ 5% –ö–ï–®–ë–ï–öüî• –†–∏—Å, –≤—É–≥–æ—Ä, —Å–∏—Ä–Ω–∏–π —Å–æ—É—Å, —Å–∞–ª–∞—Ç –∞–π—Å–±–µ—Ä–≥, –∫—Ä–µ–º —Å–∏—Ä, —Å–æ—É—Å —É–Ω–∞–≥—ñ, –Ω–æ—Ä—ñ"
17,–ó–∞–ø–µ—á–µ–Ω–∏–π –∑ –∫—Ä–∞–±–æ–≤–∏–º –º—ñ–∫—Å–æ–º,159,280,–≥,"üî•–û—Ç—Ä–∏–º—É–π—Ç–µ 5% –ö–ï–®–ë–ï–öüî• –†–∏—Å, –∫—Ä–∞–±–æ–≤–∏–π –º—ñ–∫—Å, —Å–∞–ª–∞—Ç –∞–π—Å–±–µ—Ä–≥, —Å–∏—Ä–Ω–∏–π —Å–æ—É—Å, –±–æ–ª–≥–∞—Ä—Å—å–∫–∏–π –ø–µ—Ä–µ—Ü—å, –∫—É–Ω–∂—É—Ç, –æ–≥—ñ—Ä–æ–∫, –Ω–æ—Ä—ñ"
18,–ó–∞–ø–µ—á–µ–Ω–∏–π –∑ –∫—Ä–µ–≤–µ—Ç–∫–æ—é,209,300,–≥,"üî•–û—Ç—Ä–∏–º—É–π—Ç–µ 5% –ö–ï–®–ë–ï–öüî• –†–∏—Å, –∫—Ä–µ–≤–µ—Ç–∫–∞ —Ç–µ–º–ø—É—Ä–∞, —Å–∞–ª–∞—Ç –∞–π—Å–±–µ—Ä–≥, —Å–∏—Ä–Ω–∏–π —Å–æ—É—Å, –±–æ–ª–≥–∞—Ä—Å—å–∫–∏–π –ø–µ—Ä–µ—Ü—å, –∫—É–Ω–∂—É—Ç, –æ–≥—ñ—Ä–æ–∫, –Ω–æ—Ä—ñ"
19,–ó–∞–ø–µ—á–µ–Ω–∏–π –∑ –ª–æ—Å–æ—Å–µ–º (–≥–æ—Å—Ç—Ä–∏–π),209,280,–≥,"üî•–û—Ç—Ä–∏–º—É–π—Ç–µ 5% –ö–ï–®–ë–ï–öüî• –†–∏—Å, —Å–∞–ª–∞—Ç –∞–π—Å–±–µ—Ä–≥, –ª–æ—Å–æ—Å—å, —Å–∏—Ä–Ω–∏–π —Å–æ—É—Å, –∫—Ä–µ–º —Å–∏—Ä, —Å–æ—É—Å –®—Ä—ñ—Ä–∞—á–∞, –æ–≥—ñ—Ä–æ–∫, –Ω–æ—Ä, –∫—É–Ω–∂—É—Ç"
20,–ó–∞–ø–µ—á–µ–Ω–∏–π –∑ —Ç—É–Ω—Ü–µ–º (–≥–æ—Å—Ç—Ä–∏–π),209,280,–≥,"üî•–û—Ç—Ä–∏–º—É–π—Ç–µ 5% –ö–ï–®–ë–ï–öüî• –†–∏—Å, —Å–∞–ª–∞—Ç –∞–π—Å–±–µ—Ä–≥, —Ç—É–Ω–µ—Ü—å, —Å–∏—Ä–Ω–∏–π —Å–æ—É—Å, –∫—Ä–µ–º —Å–∏—Ä, —Å–æ—É—Å –®—Ä—ñ—Ä–∞—á–∞, –æ–≥—ñ—Ä–æ–∫, –Ω–æ—Ä—ñ, –∫—É–Ω–∂—É—Ç"
21,–§—ñ–ª–∞–¥–µ–ª—å—Ñ—ñ—è –•—ñ—è—à—ñ,269,280,–≥,"üî•–û—Ç—Ä–∏–º—É–π—Ç–µ 5% –ö–ï–®–ë–ï–öüî• –†–∏—Å, –ª–æ—Å–æ—Å—å, –∫—Ä–µ–º —Å–∏—Ä, —Å–∞–ª–∞—Ç –∞–π—Å–±–µ—Ä–≥, —Ö—ñ—è—à—ñ –≤–∞–∫–∞–º–µ, —Å–æ—É—Å –≥–æ—Ä—ñ—Ö–æ–≤–∏–π (–≥–æ—Å—Ç—Ä–∏–π), –∫—É–Ω–∂—É—Ç —á–æ—Ä–Ω–∏–π, –Ω–æ—Ä—ñ"
22,–§—ñ–ª–∞–¥–µ–ª—å—Ñ—ñ—è –ì—É—Ä–º–∞–Ω,429,290,–≥,"üî•–û—Ç—Ä–∏–º—É–π—Ç–µ 5% –ö–ï–®–ë–ï–öüî• –†–∏—Å, –ª–æ—Å–æ—Å—å, –≤—É–≥–æ—Ä, —ñ–∫—Ä–∞ —Ç–æ–±—ñ–∫–æ, –∫—Ä–µ–º —Å–∏—Ä, –Ω–æ—Ä—ñ"
23,–†–æ–ª –∑ –ª–æ—Å–æ—Å–µ–º —Ç–∞ –æ–≥—ñ—Ä–∫–æ–º,269,280,–≥,"üî•–û—Ç—Ä–∏–º—É–π—Ç–µ 5% –ö–ï–®–ë–ï–öüî• –†–∏—Å, –æ–≥—ñ—Ä–æ–∫, –ª–æ—Å–æ—Å—å, –∫—É–Ω–∂—É—Ç, –∫—Ä–∞–Ω—á, –∫—Ä–∞–±–æ–≤–∏–π –º—ñ–∫—Å, –º–∞–π–æ–Ω–µ–∑, —ñ–∫—Ä–∞ —Ç–æ–±—ñ–∫–æ, –Ω–æ—Ä—ñ"
24,–ó–æ–ª–æ—Ç–∏–π –¥—Ä–∞–∫–æ–Ω,359,270,–≥,"üî•–û—Ç—Ä–∏–º—É–π—Ç–µ 5% –ö–ï–®–ë–ï–öüî• –†–∏—Å, –≤—É–≥–æ—Ä, –∞–≤–æ–∫–∞–¥–æ, –æ–≥—ñ—Ä–æ–∫, –∫—É–Ω–∂—É—Ç, –∫—Ä–∞–±–æ–≤–∏–π –º—ñ–∫—Å, —Å–æ—É—Å —É–Ω–∞–≥—ñ, –Ω–æ—Ä—ñ"
25,–ó–µ–ª–µ–Ω–∏–π –î—Ä–∞–∫–æ–Ω,329,280,–≥,"üî•–û—Ç—Ä–∏–º—É–π—Ç–µ 5% –ö–ï–®–ë–ï–öüî• –†–∏—Å, –æ–≥—ñ—Ä–æ–∫, –≤—É–≥–æ—Ä, –∞–≤–æ–∫–∞–¥–æ, –∫—É–Ω–∂—É—Ç, –∫—Ä–∞–±–æ–≤–∏–π –º—ñ–∫—Å, —Å–æ—É—Å —É–Ω–∞–≥—ñ, –Ω–æ—Ä—ñ"
26,–ß–µ—Ä–≤–æ–Ω–∏–π –î—Ä–∞–∫–æ–Ω,329,280,–≥,"üî•–û—Ç—Ä–∏–º—É–π—Ç–µ 5% –ö–ï–®–ë–ï–öüî• –†–∏—Å, –ª–æ—Å–æ—Å—å, –∞–≤–æ–∫–∞–¥–æ, –æ–≥—ñ—Ä–æ–∫, –º–∞–π–æ–Ω–µ–∑, –∫—Ä–∞–±–æ–≤–∏–π –º—ñ–∫—Å, —ñ–∫—Ä–∞ —Ç–æ–±—ñ–∫–æ, –Ω–æ—Ä—ñ"
27,–†–æ—è–ª –†–æ–ª,179,260,–≥,"üî•–û—Ç—Ä–∏–º—É–π—Ç–µ 5% –ö–ï–®–ë–ï–öüî• –†–∏—Å, –∫–æ–ø—á–µ–Ω–∞ –∫—É—Ä–∫–∞, —Å–∞–ª–∞—Ç –∞–π—Å–±–µ—Ä–≥, –æ–≥—ñ—Ä–æ–∫, –ø–µ—Ä–µ—Ü—å –±–æ–ª–≥–∞—Ä—Å—å–∫–∏–π, —Å–æ—É—Å —á–∏–ª—ñ –≥–∞—Ä–ª–∏–∫, –∫—É–Ω–∂—É—Ç, –Ω–æ—Ä—ñ"
28,–§—ñ–ª–∞–¥–µ–ª—å—Ñ—ñ—è –∑ –ª–æ—Å–æ—Å–µ–º –≤ –∫—É–Ω–∂—É—Ç—ñ,229,260,–≥,"üî•–û—Ç—Ä–∏–º—É–π—Ç–µ 5% –ö–ï–®–ë–ï–öüî• –†–∏—Å, –ª–æ—Å–æ—Å—å, –∫—Ä–µ–º —Å–∏—Ä, –∞–≤–æ–∫–∞–¥–æ, –∫—É–Ω–∂—É—Ç, –æ–≥—ñ—Ä–æ–∫, –Ω–æ—Ä—ñ"
29,–§—ñ–ª–∞–¥–µ–ª—å—Ñ—ñ—è –∑ –∫–æ–ø—á–µ–Ω–∏–º –ª–æ—Å–æ—Å–µ–º –≤ –∫—É–Ω–∂—É—Ç—ñ,219,250,–≥,"üî•–û—Ç—Ä–∏–º—É–π—Ç–µ 5% –ö–ï–®–ë–ï–öüî• –†–∏—Å, –∫–æ–ø—á–µ–Ω–∏–π –ª–æ—Å–æ—Å—å, –∫—Ä–µ–º —Å–∏—Ä, –∞–≤–æ–∫–∞–¥–æ, –∫—É–Ω–∂—É—Ç, –æ–≥—ñ—Ä–æ–∫, –Ω–æ—Ä—ñ"
30,–§—ñ–ª–∞–¥–µ–ª—å—Ñ—ñ—è –∑ –≤—É–≥—Ä–µ–º –≤ –∫—É–Ω–∂—É—Ç—ñ,269,250,–≥,"üî•–û—Ç—Ä–∏–º—É–π—Ç–µ 5% –ö–ï–®–ë–ï–öüî• –†–∏—Å, –≤—É–≥–æ—Ä, –∫—Ä–µ–º —Å–∏—Ä, –∞–≤–æ–∫–∞–¥–æ, –∫—É–Ω–∂—É—Ç, –æ–≥—ñ—Ä–æ–∫, –Ω–æ—Ä—ñ"
31,–§—ñ–ª–∞–¥–µ–ª—å—Ñ—ñ—è –∑ —Ç—É–Ω—Ü–µ–º –≤ –∫—É–Ω–∂—É—Ç—ñ,219,260,–≥,"üî•–û—Ç—Ä–∏–º—É–π—Ç–µ 5% –ö–ï–®–ë–ï–öüî• –†–∏—Å, —Ç—É–Ω–µ—Ü—å, –∫—Ä–µ–º —Å–∏—Ä,–∞–≤–æ–∫–∞–¥–æ, –∫—É–Ω–∂—É—Ç, –æ–≥—ñ—Ä–æ–∫, –Ω–æ—Ä—ñ"
32,–§—ñ–ª–∞–¥–µ–ª—å—Ñ—ñ—è –∑ –∫—Ä–µ–≤–µ—Ç–∫–æ—é –≤ –∫—É–Ω–∂—É—Ç—ñ,199,250,–≥,"üî•–û—Ç—Ä–∏–º—É–π—Ç–µ 5% –ö–ï–®–ë–ï–öüî• –†–∏—Å, –∫—Ä–µ–≤–µ—Ç–∫–∞ —Ç–µ–º–ø—É—Ä–∞, –∫—Ä–µ–º —Å–∏—Ä, –∞–≤–æ–∫–∞–¥–æ, –æ–≥—ñ—Ä–æ–∫, –∫—É–Ω–∂—É—Ç, –Ω–æ—Ä—ñ"
33,–§—ñ–ª–∞–¥–µ–ª—å—Ñ—ñ—è –∑ –∫–æ–ø—á–µ–Ω–∏–º –ª–æ—Å–æ—Å–µ–º,289,260,–≥,"üî•–û—Ç—Ä–∏–º—É–π—Ç–µ 5% –ö–ï–®–ë–ï–öüî• –†–∏—Å, –∫–æ–ø—á–µ–Ω–∏–π –ª–æ—Å–æ—Å—å, –∫—Ä–µ–º —Å–∏—Ä, –∞–≤–æ–∫–∞–¥–æ, –æ–≥—ñ—Ä–æ–∫, –Ω–æ—Ä—ñ"
34,–ö–∞–ª—ñ—Ñ–æ—Ä–Ω—ñ—è –∑ –ª–æ—Å–æ—Å–µ–º –≤ —ñ–∫—Ä—ñ,259,230,–≥,"üî•–û—Ç—Ä–∏–º—É–π—Ç–µ 5% –ö–ï–®–ë–ï–öüî• –†–∏—Å, –ª–æ—Å–æ—Å—å, –∞–≤–æ–∫–∞–¥–æ, –æ–≥—ñ—Ä–æ–∫, —ñ–∫—Ä–∞ —Ç–æ–±—ñ–∫–æ, –Ω–æ—Ä—ñ"
35,–ö–∞–ª—ñ—Ñ–æ—Ä–Ω—ñ—è –∑ –∫—Ä–∞–±–æ–≤–∏–º –º—ñ–∫—Å–æ–º –≤ –∫—É–Ω–∂—É—Ç—ñ,129,230,–≥,"üî•–û—Ç—Ä–∏–º—É–π—Ç–µ 5% –ö–ï–®–ë–ï–öüî• –†–∏—Å, –∫—Ä–∞–±–æ–≤–∏–π –º—ñ–∫—Å, –∞–≤–æ–∫–∞–¥–æ, –æ–≥—ñ—Ä–æ–∫, –∫—É–Ω–∂—É—Ç, –Ω–æ—Ä—ñ"
36,–ö–∞–ª—ñ—Ñ–æ—Ä–Ω—ñ—è –∑ –ª–æ—Å–æ—Å–µ–º –≤ –∫—É–Ω–∂—É—Ç—ñ,199,230,–≥,"üî•–û—Ç—Ä–∏–º—É–π—Ç–µ 5% –ö–ï–®–ë–ï–öüî• –†–∏—Å, –ª–æ—Å–æ—Å—å, –∞–≤–æ–∫–∞–¥–æ, –æ–≥—ñ—Ä–æ–∫, –∫—É–Ω–∂—É—Ç, –Ω–æ—Ä—ñ"
37,–ö–∞–ª—ñ—Ñ–æ—Ä–Ω—ñ—è –∑ –∫–æ–ø—á–µ–Ω–∏–º –ª–æ—Å–æ—Å–µ–º –≤ –∫—É–Ω–∂—É—Ç—ñ,199,220,–≥,"üî•–û—Ç—Ä–∏–º—É–π—Ç–µ 5% –ö–ï–®–ë–ï–öüî• –†–∏—Å, –∫–æ–ø—á–µ–Ω–∏–π –ª–æ—Å–æ—Å—å, –∞–≤–æ–∫–∞–¥–æ, –æ–≥—ñ—Ä–æ–∫, –∫—É–Ω–∂—É—Ç, –Ω–æ—Ä—ñ"
38,–ö–∞–ª—ñ—Ñ–æ—Ä–Ω—ñ—è –∑ –≤—É–≥—Ä–µ–º –≤ –∫—É–Ω–∂—É—Ç—ñ,199,240,–≥,"üî•–û—Ç—Ä–∏–º—É–π—Ç–µ 5% –ö–ï–®–ë–ï–öüî• –†–∏—Å, –≤—É–≥–æ—Ä, –æ–º–ª–µ—Ç, –æ–≥—ñ—Ä–æ–∫, –∫—É–Ω–∂—É—Ç, —Å–æ—É—Å —É–Ω–∞–≥—ñ, –Ω–æ—Ä—ñ"
39,–ö–∞–ª—ñ—Ñ–æ—Ä–Ω—ñ—è –∑ –∫—Ä–∞–±–æ–≤–∏–º –º—ñ–∫—Å–æ–º –≤ —ñ–∫—Ä—ñ,199,230,–≥,"üî•–û—Ç—Ä–∏–º—É–π—Ç–µ 5% –ö–ï–®–ë–ï–öüî• –†–∏—Å, –∫—Ä–∞–±–æ–≤–∏–π –º—ñ–∫—Å, –∞–≤–æ–∫–∞–¥–æ, –æ–≥—ñ—Ä–æ–∫, —ñ–∫—Ä–∞ —Ç–æ–±—ñ–∫–æ, –Ω–æ—Ä—ñ"
40,–ö–∞–ª—ñ—Ñ–æ—Ä–Ω—ñ—è –ß—ñ–∫–µ–Ω,139,240,–≥,"üî•–û—Ç—Ä–∏–º—É–π—Ç–µ 5% –ö–ï–®–ë–ï–öüî• –†–∏—Å, –∫–æ–ø—á–µ–Ω–∞ –∫—É—Ä–∫–∞, –æ–º–ª–µ—Ç, –æ–≥—ñ—Ä–æ–∫, –∫—É–Ω–∂—É—Ç, —Å–æ—É—Å –≥–æ—Ä—ñ—Ö–æ–≤–∏–π —É–Ω–∞–≥—ñ, –Ω–æ—Ä—ñ"
41,–ö–∞–ª—ñ—Ñ–æ—Ä–Ω—ñ—è –∑ –∫—Ä–µ–≤–µ—Ç–∫–æ—é –≤ –∫—É–Ω–∂—É—Ç—ñ,179,240,–≥,"üî•–û—Ç—Ä–∏–º—É–π—Ç–µ 5% –ö–ï–®–ë–ï–öüî• –†–∏—Å, –∫—Ä–µ–≤–µ—Ç–∫–∞, –æ–º–ª–µ—Ç, –æ–≥—ñ—Ä–æ–∫, –∫—É–Ω–∂—É—Ç, —Å–æ—É—Å —É–Ω–∞–≥—ñ, –Ω–æ—Ä—ñ"
42,–§—É—Ç–æ–º–∞–∫—ñ –∑ –ª–æ—Å–æ—Å–µ–º (–≥–æ—Å—Ç—Ä–∏–π),229,260,–≥,"üî•–û—Ç—Ä–∏–º—É–π—Ç–µ 5% –ö–ï–®–ë–ï–öüî• –†–∏—Å, –ª–æ—Å–æ—Å—å, —Å–æ—É—Å –®—Ä—ñ—Ä–∞—á–∞, —Å–∞–ª–∞—Ç –∞–π—Å–±–µ—Ä–≥, –æ–≥—ñ—Ä–æ–∫, –∫—Ä–∞–±–æ–≤–∏–π –º—ñ–∫—Å, –Ω–æ—Ä—ñ"
43,–§—É—Ç–æ–º–∞–∫—ñ –∑ –∫—Ä–µ–≤–µ—Ç–∫–æ—é –≤ —Ç–µ–º–ø—É—Ä—ñ,199,260,–≥,"üî•–û—Ç—Ä–∏–º—É–π—Ç–µ 5% –ö–ï–®–ë–ï–öüî• –†–∏—Å, –∫—Ä–µ–≤–µ—Ç–∫–∞ —Ç–µ–º–ø—É—Ä–∞, –∫—Ä–µ–º —Å–∏—Ä, –æ–≥—ñ—Ä–æ–∫, –±–æ–ª–≥–∞—Ä—Å—å–∫–∏–π –ø–µ—Ä–µ—Ü—å, –Ω–æ—Ä—ñ"
44,–¢–æ—Ä—ñ –†–æ–ª (–≥–æ—Å—Ç—Ä–∏–π),159,240,–≥,"üî•–û—Ç—Ä–∏–º—É–π—Ç–µ 5% –ö–ï–®–ë–ï–öüî• –†–∏—Å, –∫–æ–ø—á–µ–Ω–∞ –∫—É—Ä–∫–∞, —Å–∞–ª–∞—Ç –∞–π—Å–±–µ—Ä–≥, –æ–≥—ñ—Ä–æ–∫, —Ü–∏–±—É–ª—è –∑–µ–ª–µ–Ω–∞, –º–∞–π–æ–Ω–µ–∑, —Å–æ—É—Å –®—Ä—ñ—Ä–∞—á–∞, –Ω–æ—Ä—ñ"
45,–§–µ–ª—ñ–∫—Å —Ä–æ–ª –∑ –ª–æ—Å–æ—Å–µ–º,219,240,–≥,"üî•–û—Ç—Ä–∏–º—É–π—Ç–µ 5% –ö–ï–®–ë–ï–öüî• –†–∏—Å, —Ñ–µ–ª—ñ–∫—Å –∑ –ª–æ—Å–æ—Å–µ–º, –∫—É–Ω–∂—É—Ç, —Å–∞–ª–∞—Ç –∞–π—Å–±–µ—Ä–≥, –æ–≥—ñ—Ä–æ–∫, –Ω–æ—Ä—ñ, –º–∞–π–æ–Ω–µ–∑"
46,–§–µ–ª—ñ–∫—Å —Ä–æ–ª –∑ –∫–æ–ø—á–µ–Ω–∏–º –ª–æ—Å–æ—Å–µ–º,219,240,–≥,"üî•–û—Ç—Ä–∏–º—É–π—Ç–µ 5% –ö–ï–®–ë–ï–öüî• –†–∏—Å, —Ñ–µ–ª—ñ–∫—Å –∑ –∫–æ–ø—á–µ–Ω–∏–º –ª–æ—Å–æ—Å–µ–º, –∫—É–Ω–∂—É—Ç, —Å–∞–ª–∞—Ç –∞–π—Å–±–µ—Ä–≥, –æ–≥—ñ—Ä–æ–∫, –Ω–æ—Ä—ñ, –º–∞–π–æ–Ω–µ–∑"
47,–§–µ–ª—ñ–∫—Å —Ä–æ–ª –∑ —Ç—É–Ω—Ü–µ–º,179,240,–≥,"üî•–û—Ç—Ä–∏–º—É–π—Ç–µ 5% –ö–ï–®–ë–ï–öüî• –†–∏—Å, —Ñ–µ–ª—ñ–∫—Å –∑ —Ç—É–Ω—Ü–µ–º, –∫—É–Ω–∂—É—Ç, —Å–∞–ª–∞—Ç –∞–π—Å–±–µ—Ä–≥, –æ–≥—ñ—Ä–æ–∫, –Ω–æ—Ä—ñ, –º–∞–π–æ–Ω–µ–∑"
48,–ú–∞–∫—ñ –∑ –ª–æ—Å–æ—Å–µ–º,129,130,–≥,"üî•–û—Ç—Ä–∏–º—É–π—Ç–µ 5% –ö–ï–®–ë–ï–öüî• –†–∏—Å, –ª–æ—Å–æ—Å—å, –Ω–æ—Ä—ñ"
49,–ú–∞–∫—ñ –∑ –≤—É–≥—Ä–µ–º,159,130,–≥,"üî•–û—Ç—Ä–∏–º—É–π—Ç–µ 5% –ö–ï–®–ë–ï–öüî• –†–∏—Å, –≤—É–≥–æ—Ä, –Ω–æ—Ä—ñ"
50,–ú–∞–∫—ñ –∑ —Ç—É–Ω—Ü–µ–º,119,130,–≥,"üî•–û—Ç—Ä–∏–º—É–π—Ç–µ 5% –ö–ï–®–ë–ï–öüî• –†–∏—Å, —Ç—É–Ω–µ—Ü—å, –Ω–æ—Ä—ñ"
51,–ú–∞–∫—ñ –∑ –∫—Ä–µ–≤–µ—Ç–∫–æ—é,109,130,–≥,"üî•–û—Ç—Ä–∏–º—É–π—Ç–µ 5% –ö–ï–®–ë–ï–öüî• –†–∏—Å, –∫—Ä–µ–≤–µ—Ç–∫–∞ —Ç–µ–º–ø—É—Ä–∞, –Ω–æ—Ä—ñ"
52,–ú–∞–∫—ñ –∑ –∞–≤–æ–∫–∞–¥–æ,89,130,–≥,"üî•–û—Ç—Ä–∏–º—É–π—Ç–µ 5% –ö–ï–®–ë–ï–öüî• –†–∏—Å, –∞–≤–æ–∫–∞–¥–æ, –Ω–æ—Ä—ñ"
53,–ú–∞–∫—ñ –∑ –æ–≥—ñ—Ä–∫–æ–º,59,130,–≥,"üî•–û—Ç—Ä–∏–º—É–π—Ç–µ 5% –ö–ï–®–ë–ï–öüî• –†–∏—Å, –æ–≥—ñ—Ä–æ–∫, –Ω–æ—Ä—ñ"
54,–°—É—à—ñ –≥—É–Ω–∫–∞–Ω –∑ –ª–æ—Å–æ—Å–µ–º,109,80,–≥,"üî•–û—Ç—Ä–∏–º—É–π—Ç–µ 5% –ö–ï–®–ë–ï–öüî• –†–∏—Å, –ª–æ—Å–æ—Å—å, –º–∞–π–æ–Ω–µ–∑, —ñ–∫—Ä–∞ —Ç–æ–±—ñ–∫–æ, –Ω–æ—Ä—ñ"
55,–°—É—à—ñ –≥—É–Ω–∫–∞–Ω –∑ –≤—É–≥—Ä–µ–º,149,80,–≥,"üî•–û—Ç—Ä–∏–º—É–π—Ç–µ 5% –ö–ï–®–ë–ï–öüî• –†–∏—Å, –≤—É–≥–æ—Ä, –º–∞–π–æ–Ω–µ–∑, —ñ–∫—Ä–∞ —Ç–æ–±—ñ–∫–æ, –Ω–æ—Ä—ñ"
56,–°—É—à—ñ –≥—É–Ω–∫–∞–Ω –∑ —Ç—É–Ω—Ü–µ–º,109,80,–≥,"üî•–û—Ç—Ä–∏–º—É–π—Ç–µ 5% –ö–ï–®–ë–ï–öüî• –†–∏—Å, —Ç—É–Ω–µ—Ü—å, –º–∞–π–æ–Ω–µ–∑, —ñ–∫—Ä–∞ —Ç–æ–±—ñ–∫–æ, –Ω–æ—Ä—ñ"
57,–°—É—à—ñ –≥—É–Ω–∫–∞–Ω –∑ –∫—Ä–µ–≤–µ—Ç–∫–æ—é,139,80,–≥,"üî•–û—Ç—Ä–∏–º—É–π—Ç–µ 5% –ö–ï–®–ë–ï–öüî• –†–∏—Å, –∫—Ä–µ–≤–µ—Ç–∫–∞, –º–∞–π–æ–Ω–µ–∑, —ñ–∫—Ä–∞ —Ç–æ–±—ñ–∫–æ, –Ω–æ—Ä—ñ"
58,–°—É—à—ñ –Ω—ñ–≥—ñ—Ä—ñ –∑ –≤—É–≥—Ä–µ–º,149,65,–≥,"üî•–û—Ç—Ä–∏–º—É–π—Ç–µ 5% –ö–ï–®–ë–ï–öüî• –†–∏—Å, –≤—É–≥–æ—Ä, —Å–æ—É—Å —É–Ω–∞–≥—ñ, –∫—É–Ω–∂—É—Ç"
59,–°—É—à—ñ –Ω—ñ–≥—ñ—Ä—ñ –∑ –∫—Ä–µ–≤–µ—Ç–∫–æ—é,89,50,–≥,"üî•–û—Ç—Ä–∏–º—É–π—Ç–µ 5% –ö–ï–®–ë–ï–öüî• –†–∏—Å, –∫–≤–µ–≤–µ—Ç–∫–∞"
60,–°—É—à—ñ –Ω—ñ–≥—ñ—Ä—ñ –∑ —Ç—É–Ω—Ü–µ–º,89,60,–≥,"üî•–û—Ç—Ä–∏–º—É–π—Ç–µ 5% –ö–ï–®–ë–ï–öüî• –†–∏—Å, —Ç—É–Ω–µ—Ü—å"
61,–°—É—à—ñ –Ω—ñ–≥—ñ—Ä—ñ –∑ –ª–æ—Å–æ—Å–µ–º,119,60,–≥,"üî•–û—Ç—Ä–∏–º—É–π—Ç–µ 5% –ö–ï–®–ë–ï–öüî• –†–∏—Å, –ª–æ—Å–æ—Å—å"
1,–ö–∞–ª—ñ—Ñ–æ—Ä–Ω—ñ—è —Ç–µ–º–ø—É—Ä–∞,159,270,–≥,"üî•–û—Ç—Ä–∏–º—É–π—Ç–µ 5% –ö–ï–®–ë–ï–öüî• –†–∏—Å, –∫—Ä–∞–±–æ–≤–∏–π –º—ñ–∫—Å, –∫–ª—è—Ä —Ç–µ–º–ø—É—Ä–∞, –∞–≤–æ–∫–∞–¥–æ, –æ–≥—ñ—Ä–æ–∫, —Å—É—Ö–∞—Ä—ñ –ø–∞–Ω–∫–æ, –±–æ–ª–≥–∞—Ä—Å—å–∫–∏–π –ø–µ—Ä–µ—Ü—å, –Ω–æ—Ä—ñ"
2,–ö–∞–ª—ñ—Ñ–æ—Ä–Ω—ñ—è –∑ –ª–æ—Å–æ—Å–µ–º –≤ —ñ–∫—Ä—ñ,259,230,–≥,"üî•–û—Ç—Ä–∏–º—É–π—Ç–µ 5% –ö–ï–®–ë–ï–öüî• –†–∏—Å, –ª–æ—Å–æ—Å—å, –∞–≤–æ–∫–∞–¥–æ, –æ–≥—ñ—Ä–æ–∫, —ñ–∫—Ä–∞ —Ç–æ–±—ñ–∫–æ, –Ω–æ—Ä—ñ"
3,–ö–∞–ª—ñ—Ñ–æ—Ä–Ω—ñ—è –∑ –∫—Ä–∞–±–æ–≤–∏–º –º—ñ–∫—Å–æ–º –≤ —ñ–∫—Ä—ñ,199,230,–≥,"üî•–û—Ç—Ä–∏–º—É–π—Ç–µ 5% –ö–ï–®–ë–ï–öüî• –†–∏—Å, –∫—Ä–∞–±–æ–≤–∏–π –º—ñ–∫—Å, –∞–≤–æ–∫–∞–¥–æ, –æ–≥—ñ—Ä–æ–∫, —ñ–∫—Ä–∞ —Ç–æ–±—ñ–∫–æ, –Ω–æ—Ä—ñ"
4,–ö–∞–ª—ñ—Ñ–æ—Ä–Ω—ñ—è –∑ –ª–æ—Å–æ—Å–µ–º –≤ –∫—É–Ω–∂—É—Ç—ñ,199,230,–≥,"üî•–û—Ç—Ä–∏–º—É–π—Ç–µ 5% –ö–ï–®–ë–ï–öüî• –†–∏—Å, –ª–æ—Å–æ—Å—å, –∞–≤–æ–∫–∞–¥–æ, –æ–≥—ñ—Ä–æ–∫, –∫—É–Ω–∂—É—Ç, –Ω–æ—Ä—ñ"
5,–ö–∞–ª—ñ—Ñ–æ—Ä–Ω—ñ—è –∑ –∫–æ–ø—á–µ–Ω–∏–º –ª–æ—Å–æ—Å–µ–º –≤ –∫—É–Ω–∂—É—Ç—ñ,199,220,–≥,"üî•–û—Ç—Ä–∏–º—É–π—Ç–µ 5% –ö–ï–®–ë–ï–öüî• –†–∏—Å, –∫–æ–ø—á–µ–Ω–∏–π –ª–æ—Å–æ—Å—å, –∞–≤–æ–∫–∞–¥–æ, –æ–≥—ñ—Ä–æ–∫, –∫—É–Ω–∂—É—Ç, –Ω–æ—Ä—ñ"
6,–ö–∞–ª—ñ—Ñ–æ—Ä–Ω—ñ—è –∑ –≤—É–≥—Ä–µ–º –≤ –∫—É–Ω–∂—É—Ç—ñ,199,240,–≥,"üî•–û—Ç—Ä–∏–º—É–π—Ç–µ 5% –ö–ï–®–ë–ï–öüî• –†–∏—Å, –≤—É–≥–æ—Ä, –æ–º–ª–µ—Ç, –æ–≥—ñ—Ä–æ–∫, –∫—É–Ω–∂—É—Ç, —Å–æ—É—Å —É–Ω–∞–≥—ñ, –Ω–æ—Ä—ñ"
7,–ö–∞–ª—ñ—Ñ–æ—Ä–Ω—ñ—è –∑ –∫—Ä–∞–±–æ–≤–∏–º –º—ñ–∫—Å–æ–º –≤ –∫—É–Ω–∂—É—Ç—ñ,129,230,–≥,"üî•–û—Ç—Ä–∏–º—É–π—Ç–µ 5% –ö–ï–®–ë–ï–öüî• –†–∏—Å, –∫—Ä–∞–±–æ–≤–∏–π –º—ñ–∫—Å, –∞–≤–æ–∫–∞–¥–æ, –æ–≥—ñ—Ä–æ–∫, –∫—É–Ω–∂—É—Ç, –Ω–æ—Ä—ñ"
8,–ö–∞–ª—ñ—Ñ–æ—Ä–Ω—ñ—è –ß—ñ–∫–µ–Ω,139,240,–≥,"üî•–û—Ç—Ä–∏–º—É–π—Ç–µ 5% –ö–ï–®–ë–ï–öüî• –†–∏—Å, –∫–æ–ø—á–µ–Ω–∞ –∫—É—Ä–∫–∞, –æ–º–ª–µ—Ç, –æ–≥—ñ—Ä–æ–∫, –∫—É–Ω–∂—É—Ç, —Å–æ—É—Å –≥–æ—Ä—ñ—Ö–æ–≤–∏–π —É–Ω–∞–≥—ñ, –Ω–æ—Ä—ñ"
9,–ö–∞–ª—ñ—Ñ–æ—Ä–Ω—ñ—è –∑ –∫—Ä–µ–≤–µ—Ç–∫–æ—é –≤ –∫—É–Ω–∂—É—Ç—ñ,179,240,–≥,"üî•–û—Ç—Ä–∏–º—É–π—Ç–µ 5% –ö–ï–®–ë–ï–öüî• –†–∏—Å, –∫—Ä–µ–≤–µ—Ç–∫–∞, –æ–º–ª–µ—Ç, –æ–≥—ñ—Ä–æ–∫, –∫—É–Ω–∂—É—Ç, —Å–æ—É—Å —É–Ω–∞–≥—ñ, –Ω–æ—Ä—ñ"
1,–°–µ—Ç –ì—É—Ä–º–∞–Ω,699,880,–≥,"üî•–û—Ç—Ä–∏–º—É–π—Ç–µ 5% –ö–ï–®–ë–ï–öüî• –§—ñ–ª–∞–¥–µ–ª—å—Ñ—ñ—è –∑ –ª–æ—Å–æ—Å–µ–º, –ö—Ä–∞–Ω—á –∑ –∫—Ä–µ–≤–µ—Ç–∫–æ—é, –ö–∞–ª—ñ—Ñ–æ—Ä–Ω—ñ—è –∑ –ª–æ—Å–æ—Å–µ–º –≤ –∫—É–Ω–∂—É—Ç—ñ, –ú–∞–∫—ñ –∑ —Ç—É–Ω—Ü–µ–º. –°–æ—î–≤–∏–π —Å–æ—É—Å - 100 –º–ª (2 —à—Ç). –Ü–º–±–∏—Ä - 20 –≥. –í–∞—Å–∞–±—ñ - 10 –≥."
2,–°–µ—Ç –°–µ–Ω—Å–µ–π,549,1080,–≥,"üî•–û—Ç—Ä–∏–º—É–π—Ç–µ 5% –ö–ï–®–ë–ï–öüî• –ö–∞–ª—ñ—Ñ–æ—Ä–Ω—ñ—è —Ç–µ–º–ø—É—Ä–∞, –¢–µ–º–ø—É—Ä–∞ —Ä–æ–ª –∑ –∫—É—Ä–∫–æ—é, –ó–∞–ø–µ—á–µ–Ω–∏–π –∑ –∫—Ä–∞–±–æ–≤–∏–º –º—ñ–∫—Å–æ–º, –ù—ñ–∂–Ω–∏–π –∑ –∫—É—Ä–∫–æ—é. –°–æ—î–≤–∏–π —Å–æ—É—Å - 100 –º–ª (2 —à—Ç). –Ü–º–±–∏—Ä - 20 –≥. –í–∞—Å–∞–±—ñ - 10 –≥."
3,–°–µ—Ç –ë–∞–Ω–∑–∞–π,599,1010,–≥,"üî•–û—Ç—Ä–∏–º—É–π—Ç–µ 5% –ö–ï–®–ë–ï–öüî• –§—ñ–ª–∞–¥–µ–ª—å—Ñ—ñ—è –¥—É–µ—Ç, –§—É—Ç–æ–º–∞–∫—ñ –∑ –ª–æ—Å–æ—Å–µ–º (–≥–æ—Å—Ç—Ä–∏–π), –ö–∞–ª—ñ—Ñ–æ—Ä–Ω—ñ—è –∑ –∫—Ä–∞–±–æ–≤–∏–º –º—ñ–∫—Å–æ–º –≤ –∫—É–Ω–∂—É—Ç—ñ, –ö–∞–ª—ñ—Ñ–æ—Ä–Ω—ñ—è –ß—ñ–∫–µ–Ω –°–æ—î–≤–∏–π —Å–æ—É—Å - 100 –º–ª (2 —à—Ç). –Ü–º–±–∏—Ä - 20 –≥. –í–∞—Å–∞–±—ñ - 10 –≥."
4,–°–µ—Ç –°–∞–∫—É—Ä–∞,749,1120,–≥,"üî•–û—Ç—Ä–∏–º—É–π—Ç–µ 5% –ö–ï–®–ë–ï–öüî• –£ –ü–û–î–ê–†–£–ù–û–ö: –ú–∞–∫—ñ –∑ –∫—Ä–µ–≤–µ—Ç–∫–æ—éüéÅ –§—ñ–ª–∞–¥–µ–ª—å—Ñ—ñ—è –∑ –ª–æ—Å–æ—Å–µ–º, –ö–∞–ª—ñ—Ñ–æ—Ä–Ω—ñ—è –∑ –≤—É–≥—Ä–µ–º –≤ –∫—É–Ω–∂—É—Ç—ñ, –§–µ–ª—ñ–∫—Å —Ä–æ–ª –∑ —Ç—É–Ω—Ü–µ–º, –ö–∞–ª—ñ—Ñ–æ—Ä–Ω—ñ—è –ß—ñ–∫–µ–Ω. –°–æ—î–≤–∏–π —Å–æ—É—Å - 150 –º–ª (3 —à—Ç). –Ü–º–±–∏—Ä - 40 –≥. –í–∞—Å–∞–±—ñ - 10 –≥."
5,–°–µ—Ç –î–∂—É–º–∞–Ω–¥–∂—ñ,899,1440,–≥,"üî•–û—Ç—Ä–∏–º—É–π—Ç–µ 5% –ö–ï–®–ë–ï–öüî• –£ –ü–û–î–ê–†–£–ù–û–ö: –¢–æ—Ä—ñ –†–æ–ª (–≥–æ—Å—Ç—Ä–∏–π)üéÅ –§—ñ–ª–∞–¥–µ–ª—å—Ñ—ñ—è –∑ –ª–æ—Å–æ—Å–µ–º, –§—ñ–ª–∞–¥–µ–ª—å—Ñ—ñ—è –∑ –∫—Ä–µ–≤–µ—Ç–∫–æ—é –≤ –∫—É–Ω–∂—É—Ç—ñ, –ù—ñ–∂–Ω–∏–π –∑ –∫—É—Ä–∫–æ—é, –ó–∞–ø–µ—á–µ–Ω–∏–π –∑ –ª–æ—Å–æ—Å–µ–º (–≥–æ—Å—Ç—Ä–∏–π), –ú–∞–∫—ñ –∑ –∫—Ä–µ–≤–µ—Ç–∫–æ—é. –°–æ—î–≤–∏–π —Å–æ—É—Å - 150 –º–ª (3 —à—Ç). –Ü–º–±–∏—Ä - 40 –≥. –í–∞—Å–∞–±—ñ - 10 –≥."
6,–°–µ—Ç –ö—ñ–æ—Ç–æ,1149,2000,–≥,"üî•–û—Ç—Ä–∏–º—É–π—Ç–µ 5% –ö–ï–®–ë–ï–öüî• –§—ñ–ª–∞–¥–µ–ª—å—Ñ—ñ—è –¥—É–µ—Ç, –ö–∞–ª—ñ—Ñ–æ—Ä–Ω—ñ—è –∑ –ª–æ—Å–æ—Å–µ–º –≤ –∫—É–Ω–∂—É—Ç—ñ, –ö—Ä–∞–Ω—á –∑ –∫—Ä–µ–≤–µ—Ç–∫–æ—é, –ú–∞–∫—ñ –∑ —Ç—É–Ω—Ü–µ–º, –ù—ñ–∂–Ω–∏–π –∑ –∫—É—Ä–∫–æ—é, –ó–∞–ø–µ—á–µ–Ω–∏–π –∑ –∫—Ä–∞–±–æ–≤–∏–º –º—ñ–∫—Å–æ–º, –ö–∞–ª—ñ—Ñ–æ—Ä–Ω—ñ—è —Ç–µ–º–ø—É—Ä–∞, –¢–µ–º–ø—É—Ä–∞ —Ä–æ–ª –∑ –∫—É—Ä–∫–æ—é. –°–æ—î–≤–∏–π —Å–æ—É—Å - 200 –º–ª (4 —à—Ç). –Ü–º–±–∏—Ä - 50 –≥. –í–∞—Å–∞–±—ñ - 15 –≥."
7,–°–µ—Ç –°—ñ–º–µ–π–Ω–∏–π,1599,2310,–≥,"üî•–û—Ç—Ä–∏–º—É–π—Ç–µ 5% –ö–ï–®–ë–ï–öüî• –£ –ü–û–î–ê–†–£–ù–û–ö: –¢–µ–º–ø—É—Ä–∞ —Ä–æ–ª –∑ –∫—É—Ä–∫–æ—éüéÅ –§—ñ–ª–∞–¥–µ–ª—å—Ñ—ñ—è –∑ –ª–æ—Å–æ—Å–µ–º, –§—ñ–ª–∞–¥–µ–ª—å—Ñ—ñ—è –∑ –∫—Ä–µ–≤–µ—Ç–∫–æ—é, –ö–∞–ª—ñ—Ñ–æ—Ä–Ω—ñ—è –∑ –∫—Ä–∞–±–æ–≤–∏–º –º—ñ–∫—Å–æ–º –≤ –∫—É–Ω–∂—É—Ç—ñ, –ö–∞–ª—ñ—Ñ–æ—Ä–Ω—ñ—è —Ç–µ–º–ø—É—Ä–∞, –ö—Ä–∞–Ω—á –∑ –∫—Ä–µ–≤–µ—Ç–∫–æ—é, –ú–∞–∫—ñ –∑ –ª–æ—Å–æ—Å–µ–º, –ú–∞–∫—ñ –∑ –∫—Ä–µ–≤–µ—Ç–∫–æ—é, –§–µ–ª—ñ–∫—Å —Ä–æ–ª –∑ —Ç—É–Ω—Ü–µ–º, –ù—ñ–∂–Ω–∏–π –∑ –∫—É—Ä–∫–æ—é. –°–æ—î–≤–∏–π —Å–æ—É—Å - 250 –º–ª (5 —à—Ç). –Ü–º–±–∏—Ä - 60 –≥. –í–∞—Å–∞–±—ñ - 15 –≥."
8,–°–µ—Ç –Ü–º–ø–µ—Ä–∞—Ç–æ—Ä—Å—å–∫–∏–π,1999,3000,–≥,"üî•–û—Ç—Ä–∏–º—É–π—Ç–µ 5% –ö–ï–®–ë–ï–öüî• –§—ñ–ª–∞–¥–µ–ª—å—Ñ—ñ—è –¥—É–µ—Ç, –§—ñ–ª–∞–¥–µ–ª—å—Ñ—ñ—è –∑ –≤—É–≥—Ä–µ–º, –§—ñ–ª–∞–¥–µ–ª—å—Ñ—ñ—è –∑ –∫—Ä–µ–≤–µ—Ç–∫–æ—é, –§—ñ–ª–∞–¥–µ–ª—å—Ñ—ñ—è –∑ –∫—Ä–µ–≤–µ—Ç–∫–æ—é –≤ –∫—É–Ω–∂—É—Ç—ñ, –ö–∞–ª—ñ—Ñ–æ—Ä–Ω—ñ—è –∑ –∫—Ä–∞–±–æ–≤–∏–º –º—ñ–∫—Å–æ–º –≤ —ñ–∫—Ä—ñ, –ö–∞–ª—ñ—Ñ–æ—Ä–Ω—ñ—è –∑ –≤—É–≥—Ä–µ–º –≤ –∫—É–Ω–∂—É—Ç—ñ, –ö–∞–ª—ñ—Ñ–æ—Ä–Ω—ñ—è –∑ –∫—Ä–∞–±–æ–≤–∏–º –º—ñ–∫—Å–æ–º –≤ –∫—É–Ω–∂—É—Ç—ñ, –†–æ—è–ª –†–æ–ª, –ö—Ä–∞–Ω—á –∑ –∫—Ä–µ–≤–µ—Ç–∫–æ—é, –ö–∞–ª—ñ—Ñ–æ—Ä–Ω—ñ—è –∑ –∫—Ä–µ–≤–µ—Ç–∫–æ—é –≤ –∫—É–Ω–∂—É—Ç—ñ, –¢–æ—Ä—ñ –†–æ–ª (–≥–æ—Å—Ç—Ä–∏–π), –§—ñ–ª–∞–¥–µ–ª—å—Ñ—ñ—è –∑ –∫–æ–ø—á–µ–Ω–∏–º –ª–æ—Å–æ—Å–µ–º –≤ –∫—É–Ω–∂—É—Ç—ñ. –°–æ—î–≤–∏–π —Å–æ—É—Å - 300 –º–ª (6 —à—Ç). –Ü–º–±–∏—Ä - 70 –≥. –í–∞—Å–∞–±—ñ - 20 –≥."
9,–ö–æ–º–±–æ –¢–µ–ø–ª–∞ –¥–≤—ñ–π–∫–∞,289,550,–≥,"üî•–û—Ç—Ä–∏–º—É–π—Ç–µ 5% –ö–ï–®–ë–ï–öüî• –ù—ñ–∂–Ω–∏–π –∑ –ª–æ—Å–æ—Å–µ–º, –ó–∞–ø–µ—á–µ–Ω–∏–π –∑ –∫—Ä–∞–±–æ–≤–∏–º –º—ñ–∫—Å–æ–º –∑—ñ –∑–Ω–∏–∂–∫–æ—é 50%. –°–æ—î–≤–∏–π —Å–æ—É—Å - 50 –º–ª (1 —à—Ç). –Ü–º–±–∏—Ä - 10 –≥. –í–∞—Å–∞–±—ñ - 5 –≥."
10,–ö–æ–º–±–æ –§—ñ–ª–∞–¥–µ–ª—å—Ñ—ñ—è –ú—ñ–∫—Å,404,540,–≥,"üî•–û—Ç—Ä–∏–º—É–π—Ç–µ 5% –ö–ï–®–ë–ï–öüî• –†–æ–ª –∑ –ª–æ—Å–æ—Å–µ–º —Ç–∞ –æ–≥—ñ—Ä–∫–æ–º, –§—ñ–ª–∞–¥–µ–ª—å—Ñ—ñ—è –∑ –∫—Ä–µ–≤–µ—Ç–∫–æ—é –∑—ñ –∑–Ω–∏–∂–∫–æ—é 50%. –°–æ—î–≤–∏–π —Å–æ—É—Å - 50 –º–ª (1 —à—Ç). –Ü–º–±–∏—Ä - 10 –≥. –í–∞—Å–∞–±—ñ - 5 –≥."
11,–ö–æ–º–±–æ –ú–µ–≥–∞ –§—ñ—à,478,620,–≥,"üî•–û—Ç—Ä–∏–º—É–π—Ç–µ 5% –ö–ï–®–ë–ï–öüî• –§—ñ–ª–∞–¥–µ–ª—å—Ñ—ñ—è –∑ –ª–æ—Å–æ—Å–µ–º, –ö–∞–ª—ñ—Ñ–æ—Ä–Ω—ñ—è –∑ –∫–æ–ø—á–µ–Ω–∏–º –ª–æ—Å–æ—Å–µ–º –≤ –∫—É–Ω–∂—É—Ç—ñ. üéÅ –£ –ü–û–î–ê–†–£–ù–û–ö: –ú–∞–∫—ñ –∑ –ª–æ—Å–æ—Å–µ–º. –°–æ—î–≤–∏–π —Å–æ—É—Å - 100 –º–ª (2 —à—Ç). –Ü–º–±–∏—Ä - 20 –≥. –í–∞—Å–∞–±—ñ - 5 –≥."
12,–ö–æ–º–±–æ –¢—Ä–∏ –ª–µ–≥–µ–Ω–¥–∏,438,680,–≥,"üî•–û—Ç—Ä–∏–º—É–π—Ç–µ 5% –ö–ï–®–ë–ï–öüî• –§—ñ–ª–∞–¥–µ–ª—å—Ñ—ñ—è –∑ –ª–æ—Å–æ—Å–µ–º, –ó–∞–ø–µ—á–µ–Ω–∏–π –∑ –∫—Ä–∞–±–æ–≤–∏–º –º—ñ–∫—Å–æ–º. üéÅ –£ –ü–û–î–ê–†–£–ù–û–ö: –ú–∞–∫—ñ –∑ –∫—Ä–µ–≤–µ—Ç–∫–æ—é. –°–æ—î–≤–∏–π —Å–æ—É—Å - 100 –º–ª (2 —à—Ç). –Ü–º–±–∏—Ä - 20 –≥. –í–∞—Å–∞–±—ñ - 5 –≥."
13,–§—ñ–ª–∞–¥–µ–ª—å—Ñ—ñ—è –∑ –ª–æ—Å–æ—Å–µ–º,279,270,–≥,"üî•–û—Ç—Ä–∏–º—É–π—Ç–µ 5% –ö–ï–®–ë–ï–öüî• –†–∏—Å, –ª–æ—Å–æ—Å—å, –∫—Ä–µ–º —Å–∏—Ä, –∞–≤–æ–∫–∞–¥–æ, –æ–≥—ñ—Ä–æ–∫, –Ω–æ—Ä—ñ"
14,–ö–∞–ª—ñ—Ñ–æ—Ä–Ω—ñ—è –∑ –ª–æ—Å–æ—Å–µ–º –≤ —ñ–∫—Ä—ñ,259,230,–≥,"üî•–û—Ç—Ä–∏–º—É–π—Ç–µ 5% –ö–ï–®–ë–ï–öüî• –†–∏—Å, –ª–æ—Å–æ—Å—å, –∞–≤–æ–∫–∞–¥–æ, –æ–≥—ñ—Ä–æ–∫, —ñ–∫—Ä–∞ —Ç–æ–±—ñ–∫–æ, –Ω–æ—Ä—ñ"
15,–ö—Ä–∞–Ω—á –∑ –∫—Ä–µ–≤–µ—Ç–∫–æ—é,249,250,–≥,"üî•–û—Ç—Ä–∏–º—É–π—Ç–µ 5% –ö–ï–®–ë–ï–öüî• –†–∏—Å, –∫—Ä–µ–≤–µ—Ç–∫–∞ —Ç–µ–º–ø—É—Ä–∞, —ñ–∫—Ä–∞ —Ç–æ–±—ñ–∫–æ, –∫–ª—è—Ä —Ç–µ–º–ø—É—Ä–∞, –æ–≥—ñ—Ä–æ–∫, —Å–æ—É—Å —É–Ω–∞–≥—ñ, –Ω–æ—Ä—ñ"
16,–ù—ñ–∂–Ω–∏–π –∑ –≤—É–≥—Ä–µ–º,249,270,–≥,"üî•–û—Ç—Ä–∏–º—É–π—Ç–µ 5% –ö–ï–®–ë–ï–öüî• –†–∏—Å, –≤—É–≥–æ—Ä, —Å–∏—Ä–Ω–∏–π —Å–æ—É—Å, —Å–∞–ª–∞—Ç –∞–π—Å–±–µ—Ä–≥, –∫—Ä–µ–º —Å–∏—Ä, —Å–æ—É—Å —É–Ω–∞–≥—ñ, –Ω–æ—Ä—ñ"
